{"count":1,"self":225.2840192,"total":37805.934193,"children":{"InitializeActuators":{"count":8,"self":0.0029479999999999997,"total":0.0029479999999999997,"children":null},"InitializeSensors":{"count":8,"self":0.0017259999999999999,"total":0.0017259999999999999,"children":null},"AgentSendState":{"count":595101,"self":0.925881,"total":2.34654,"children":{"CollectObservations":{"count":119064,"self":0.48489099999999996,"total":0.48489099999999996,"children":null},"WriteActionMask":{"count":119064,"self":0.064787,"total":0.064787,"children":null},"RequestDecision":{"count":119064,"self":0.23735799999999999,"total":0.870981,"children":{"AgentInfo.ToProto":{"count":59532,"self":0.217912,"total":0.63362299999999994,"children":{"GenerateSensorData":{"count":59532,"self":0.415711,"total":0.415711,"children":null}}}}}}},"DecideAction":{"count":595101,"self":35654.5069056,"total":35654.507118,"children":null},"AgentAct":{"count":595101,"self":1923.7795839999999,"total":1923.779619,"children":null},"AgentInfo.ToProto":{"count":1202,"self":0.004393,"total":0.010945,"children":{"GenerateSensorData":{"count":1202,"self":0.006552,"total":0.006552,"children":null}}}},"gauges":{"My Behavior.CumulativeReward":{"count":1202,"max":36.65003,"min":-34.08496,"runningAverage":1.19023979,"value":25.7049789,"weightedAverage":23.8294334},"Combat.CumulativeReward":{"count":1202,"max":34.08496,"min":-36.65003,"runningAverage":-1.19023979,"value":-25.7049789,"weightedAverage":-23.8294334}},"metadata":{"timer_format_version":"0.1.0","start_time_seconds":"1689646081","unity_version":"2021.3.18f1c1","command_line_arguments":"\/home\/llt\/hgz\/2v2_rm\/fme-c-gpu\/myCoo_C\/myCoo_C.x86_64 -nographics -batchmode --mlagents-port 17913","communication_protocol_version":"1.5.0","com.unity.ml-agents_version":"2.1.0-exp.1","scene_name":"SampleScene","end_time_seconds":"1689683887"}}