{"count":1,"self":1886.0679168,"total":37806.539991,"children":{"InitializeActuators":{"count":4,"self":0.002,"total":0.002,"children":null},"InitializeSensors":{"count":4,"self":0.0013059999999999999,"total":0.0013059999999999999,"children":null},"AgentSendState":{"count":4968434,"self":7.249772,"total":20.388804,"children":{"CollectObservations":{"count":993848,"self":2.595081,"total":2.595081,"children":null},"WriteActionMask":{"count":993848,"self":0.513983,"total":0.513983,"children":null},"RequestDecision":{"count":993848,"self":1.715423,"total":10.029968,"children":{"AgentInfo.ToProto":{"count":993848,"self":2.409164,"total":8.314544999999999,"children":{"GenerateSensorData":{"count":993848,"self":5.9053808,"total":5.9053809999999993,"children":null}}}}}}},"DecideAction":{"count":4968434,"self":24956.462694399997,"total":24956.463427,"children":null},"AgentAct":{"count":4968434,"self":10943.430655999999,"total":10943.430529,"children":null},"AgentInfo.ToProto":{"count":20004,"self":0.059336,"total":0.183952,"children":{"GenerateSensorData":{"count":20004,"self":0.12461599999999999,"total":0.12461599999999999,"children":null}}}},"gauges":{"Combat.CumulativeReward":{"count":20004,"max":36.93004,"min":-36.93004,"runningAverage":1.3919359E-08,"value":-27.90002,"weightedAverage":-6.43684}},"metadata":{"timer_format_version":"0.1.0","start_time_seconds":"1689646077","unity_version":"2021.3.18f1c1","command_line_arguments":"\/home\/llt\/hgz\/2v2_rm\/fme-c-gpu\/myCom_C\/myCom_C.x86_64 -nographics -batchmode --mlagents-port 17902","communication_protocol_version":"1.5.0","com.unity.ml-agents_version":"2.1.0-exp.1","scene_name":"SampleScene","end_time_seconds":"1689683883"}}3"}}